lane_depth,rack_level,aspect_ratio,cost
1,1,0.1,5191977.985811915
1,1,0.2,4860715.543512909
1,1,0.30000000000000004,4830408.290385165
1,1,0.4,4880014.156167685
1,1,0.5,4959417.732400425
1,1,0.6,5051391.8014996555
1,1,0.7000000000000001,5148667.556380922
1,1,0.8,5248110.65582983
1,1,0.9,5347119.979433877
1,1,1.0,5445373.706497793
1,1,1.1,5542603.8477933565
1,1,1.2000000000000002,5637841.498876675
1,1,1.3000000000000003,5732000.381322807
1,1,1.4000000000000001,5822910.33789959
1,1,1.5000000000000002,5912860.015078109
1,1,1.6,6002241.291387612
1,1,1.7000000000000002,6088220.257534877
1,1,1.8000000000000003,6172167.108509146
1,1,1.9000000000000001,6256066.812186894
1,2,0.1,3352513.7373709944
1,2,0.2,3116778.286620616
1,2,0.30000000000000004,3093757.627023365
1,2,0.4,3127313.3107221853
1,2,0.5,3181720.5993267344
1,2,0.6,3245309.5201579956
1,2,0.7000000000000001,3312472.279582551
1,2,0.8,3381686.249962193
1,2,0.9,3449708.8761260863
1,2,1.0,3518447.3823660514
1,2,1.1,3584769.9368869676
1,2,1.2000000000000002,3650671.083089144
1,2,1.3000000000000003,3716499.4587477874
1,2,1.4000000000000001,3779275.740453482
1,2,1.5000000000000002,3840292.6350172525
1,2,1.6,3901672.5237275185
1,2,1.7000000000000002,3961667.790297364
1,2,1.8000000000000003,4020298.7973756394
1,2,1.9000000000000001,4077587.825791092
1,3,0.1,2653948.685222277
1,3,0.2,2460465.275689821
1,3,0.30000000000000004,2440693.083937886
1,3,0.4,2467051.352977493
1,3,0.5,2510579.7267642985
1,3,0.6,2561476.995752993
1,3,0.7000000000000001,2615364.4960447736
1,3,0.8,2670510.79632636
1,3,0.9,2726245.6759087946
1,3,1.0,2779905.2225564485
1,3,1.1,2834957.6551791998
1,3,1.2000000000000002,2887346.213587222
1,3,1.3000000000000003,2938185.2283792775
1,3,1.4000000000000001,2989533.3192339623
1,3,1.5000000000000002,3039652.683781706
1,3,1.6,3088535.3972562687
1,3,1.7000000000000002,3136181.1811345564
1,3,1.8000000000000003,3182592.5213432005
1,3,1.9000000000000001,3227771.349872893
1,4,0.1,2278406.1686586635
1,4,0.2,2110157.4175328435
1,4,0.30000000000000004,2092285.9875246442
1,4,0.4,2114651.5897486545
1,4,0.5,2151761.568224402
1,4,0.6,2194790.711957043
1,4,0.7000000000000001,2241153.4047419364
1,4,0.8,2287891.2413159474
1,4,0.9,2335226.644142734
1,4,1.0,2381722.8931309897
1,4,1.1,2427031.815875866
1,4,1.2000000000000002,2472890.284337964
1,4,1.3000000000000003,2517692.584857298
1,4,1.4000000000000001,2558952.8149116775
1,4,1.5000000000000002,2601248.8236157116
1,4,1.6,2645346.011523975
1,4,1.7000000000000002,2685580.1383368345
1,4,1.8000000000000003,2724633.704704064
1,4,1.9000000000000001,2762490.8472795384
1,5,0.1,2043769.4555495433
1,5,0.2,1892648.735024099
1,5,0.30000000000000004,1876139.7352331216
1,5,0.4,1895652.1688474675
1,5,0.5,1927917.675965386
1,5,0.6,1966050.6397944912
1,5,0.7000000000000001,2006651.5401739462
1,5,0.8,2048578.918103891
1,5,0.9,2090140.230601742
1,5,1.0,2130808.002576694
1,5,1.1,2172160.3004252836
1,5,1.2000000000000002,2210445.709267296
1,5,1.3000000000000003,2249636.660003219
1,5,1.4000000000000001,2287744.125932879
1,5,1.5000000000000002,2324726.6741327476
1,5,1.6,2363893.6005424387
1,5,1.7000000000000002,2398919.407460629
1,5,1.8000000000000003,2432769.655043049
1,5,1.9000000000000001,2469707.2537122024
1,6,0.1,1884703.0966940036
1,6,0.2,1746320.6220717963
1,6,0.30000000000000004,1730768.861502858
1,6,0.4,1747870.6275877266
1,6,0.5,1777034.5047610616
1,6,0.6,1811907.074698244
1,6,0.7000000000000001,1848352.02828493
1,6,0.8,1886045.1714196594
1,6,0.9,1923293.080287964
1,6,1.0,1959581.0009443595
1,6,1.1,1996714.479213398
1,6,1.2000000000000002,2032952.5910114972
1,6,1.3000000000000003,2068202.4276215304
1,6,1.4000000000000001,2102400.5539850434
1,6,1.5000000000000002,2135497.909098431
1,6,1.6,2167450.0363138043
1,6,1.7000000000000002,2202263.8385120276
1,6,1.8000000000000003,2232297.7069648225
1,6,1.9000000000000001,2265798.617347507
1,7,0.1,1771278.2006309198
1,7,0.2,1642745.432303746
1,7,0.30000000000000004,1627957.855690888
1,7,0.4,1643622.5427652143
1,7,0.5,1670041.1359655745
1,7,0.6,1701768.116797003
1,7,0.7000000000000001,1735936.8951873002
1,7,0.8,1769007.0576996978
1,7,0.9,1804355.7125871978
1,7,1.0,1837304.1062729112
1,7,1.1,1871205.4764644655
1,7,1.2000000000000002,1904222.6511272124
1,7,1.3000000000000003,1936259.3655616776
1,7,1.4000000000000001,1967244.5433992038
1,7,1.5000000000000002,1997117.7013204359
1,7,1.6,2029811.6119736896
1,7,1.7000000000000002,2057815.1937229147
1,7,1.8000000000000003,2084590.1524475645
1,7,1.9000000000000001,2115361.83300583
1,8,0.1,1687944.2542059636
1,8,0.2,1567496.7467312769
1,8,0.30000000000000004,1553210.5854030685
1,8,0.4,1567358.3933777446
1,8,0.5,1592161.7017163835
1,8,0.6,1621422.6149605068
1,8,0.7000000000000001,1651767.821178538
1,8,0.8,1684738.481690462
1,8,0.9,1715912.034165213
1,8,1.0,1748083.9183426993
1,8,1.1,1777161.1901040915
1,8,1.2000000000000002,1807431.3345914902
1,8,1.3000000000000003,1839770.9526549384
1,8,1.4000000000000001,1868380.3167452519
1,8,1.5000000000000002,1895894.0576404126
1,8,1.6,1922244.4604536586
1,8,1.7000000000000002,1952047.7369274744
1,8,1.8000000000000003,1976504.4020105514
1,8,1.9000000000000001,2005156.594314863
1,9,0.1,1625481.8769031859
1,9,0.2,1511503.33154898
1,9,0.30000000000000004,1498096.4397994236
1,9,0.4,1511064.5313159795
1,9,0.5,1534036.801443465
1,9,0.6,1561165.1261720564
1,9,0.7000000000000001,1590477.954816131
1,9,0.8,1619871.964485952
1,9,0.9,1648584.9430463775
1,9,1.0,1678409.3094017534
1,9,1.1,1707492.7583265863
1,9,1.2000000000000002,1735689.4891102323
1,9,1.3000000000000003,1762892.8847784419
1,9,1.4000000000000001,1789013.4126300972
1,9,1.5000000000000002,1818120.7594527898
1,9,1.6,1842427.1628676604
1,9,1.7000000000000002,1870394.5996041347
1,9,1.8000000000000003,1892810.8653994447
1,9,1.9000000000000001,1919686.2833976492
1,10,0.1,1578158.1135898873
1,10,0.2,1469920.4310079394
1,10,0.30000000000000004,1456503.3080535708
1,10,0.4,1468786.3320908644
1,10,0.5,1490123.194411255
1,10,0.6,1515342.7709516166
1,10,0.7000000000000001,1542645.4279531424
1,10,0.8,1571573.973563322
1,10,0.9,1598436.076214137
1,10,1.0,1626446.1733032616
1,10,1.1,1653715.2033660915
1,10,1.2000000000000002,1680096.6785459346
1,10,1.3000000000000003,1705479.2895929203
1,10,1.4000000000000001,1729765.2624673094
1,10,1.5000000000000002,1757243.9637443584
1,10,1.6,1779712.9388439422
1,10,1.7000000000000002,1806104.4953171613
1,10,1.8000000000000003,1826658.9953110712
1,10,1.9000000000000001,1852006.619743166
1,11,0.1,1542484.7254108745
1,11,0.2,1438875.2787942193
1,11,0.30000000000000004,1426325.8399610987
1,11,0.4,1437232.044784327
1,11,0.5,1457944.3941146964
1,11,0.6,1481711.3391954876
1,11,0.7000000000000001,1507467.7430942445
1,11,0.8,1533108.5932915516
1,11,0.9,1560049.510879654
1,11,1.0,1586455.9208161358
1,11,1.1,1612112.66163062
1,11,1.2000000000000002,1636870.4641134532
1,11,1.3000000000000003,1660611.1172572523
1,11,1.4000000000000001,1687268.3955997752
1,11,1.5000000000000002,1709285.3958171033
1,11,1.6,1730055.7082397945
1,11,1.7000000000000002,1755071.520982506
1,11,1.8000000000000003,1773873.1381721052
1,11,1.9000000000000001,1797883.9414274492
1,12,0.1,1515555.2566189482
1,12,0.2,1416150.5432184096
1,12,0.30000000000000004,1403787.505253755
1,12,0.4,1414400.058501355
1,12,0.5,1433113.178273008
1,12,0.6,1456471.477318929
1,12,0.7000000000000001,1480837.3349505588
1,12,0.8,1505012.6328691752
1,12,0.9,1530520.5020100947
1,12,1.0,1555476.6695878876
1,12,1.1,1579666.0307741147
1,12,1.2000000000000002,1602934.2573085786
1,12,1.3000000000000003,1625153.6056847556
1,12,1.4000000000000001,1650534.302767316
1,12,1.5000000000000002,1670998.1706988842
1,12,1.6,1695368.7674111454
1,12,1.7000000000000002,1713936.4264506598
1,12,1.8000000000000003,1737319.2479713897
1,12,1.9000000000000001,1753844.182951114
1,13,0.1,1495793.1074973647
1,13,0.2,1400221.6933857917
1,13,0.30000000000000004,1387724.4970273771
1,13,0.4,1398132.7865018644
1,13,0.5,1415821.2754592812
1,13,0.6,1438014.3245856152
1,13,0.7000000000000001,1461111.9523838812
1,13,0.8,1485826.140134179
1,13,0.9,1508136.2101109433
1,13,1.0,1531759.665234525
1,13,1.1,1554589.7759770118
1,13,1.2000000000000002,1576464.4626714643
1,13,1.3000000000000003,1601254.895086133
1,13,1.4000000000000001,1621476.889894715
1,13,1.5000000000000002,1645301.3260153867
1,13,1.6,1663699.2610525258
1,13,1.7000000000000002,1686555.4401205233
1,13,1.8000000000000003,1702977.402175152
1,13,1.9000000000000001,1724897.9184425883
1,14,0.1,1481663.8724806383
1,14,0.2,1389349.0375468992
1,14,0.30000000000000004,1377332.372262559
1,14,0.4,1386458.6854773224
1,14,0.5,1403892.9700671155
1,14,0.6,1425014.824710968
1,14,0.7000000000000001,1446937.4832482645
1,14,0.8,1470492.493166281
1,14,0.9,1491480.2067253985
1,14,1.0,1513856.4524390383
1,14,1.1,1538578.3408619093
1,14,1.2000000000000002,1559658.2677117256
1,14,1.3000000000000003,1579681.9916399107
1,14,1.4000000000000001,1603035.2854698547
1,14,1.5000000000000002,1621313.1223792504
1,14,1.6,1638232.5592696206
1,14,1.7000000000000002,1660089.3235087006
1,14,1.8000000000000003,1681574.688620704
1,14,1.9000000000000001,1695843.5354367483
1,15,0.1,1472201.7523894766
1,15,0.2,1382698.8885435075
1,15,0.30000000000000004,1371134.7763294643
1,15,0.4,1379686.3466229294
1,15,0.5,1396249.5383920567
1,15,0.6,1416371.0940167115
1,15,0.7000000000000001,1437186.3774984442
1,15,0.8,1459658.612789898
1,15,0.9,1481862.7596352173
1,15,1.0,1503479.6814147078
1,15,1.1,1524294.16522438
1,15,1.2000000000000002,1544138.9398747473
1,15,1.3000000000000003,1567071.4720219523
1,15,1.4000000000000001,1585263.4710915599
1,15,1.5000000000000002,1602153.6016009708
1,15,1.6,1623635.1626782753
1,15,1.7000000000000002,1644750.2312628564
1,15,1.8000000000000003,1659060.5227808119
1,15,1.9000000000000001,1679291.1463219363
1,16,0.1,1466719.3252225877
1,16,0.2,1379891.9694086432
1,16,0.30000000000000004,1368488.7802717786
1,16,0.4,1377234.7167737058
1,16,0.5,1393271.523977761
1,16,0.6,1411403.282008018
1,16,0.7000000000000001,1432907.3746907995
1,16,0.8,1452608.6165867148
1,16,0.9,1473749.1849575923
1,16,1.0,1494261.1478957976
1,16,1.1,1513920.4898392656
1,16,1.2000000000000002,1536460.94375624
1,16,1.3000000000000003,1554588.5675931012
1,16,1.4000000000000001,1571474.1066924036
1,16,1.5000000000000002,1592631.8773589088
1,16,1.6,1613430.7462146678
1,16,1.7000000000000002,1627809.486193268
1,16,1.8000000000000003,1647730.2748331511
1,16,1.9000000000000001,1659899.0063022284
1,17,0.1,1464547.51939592
1,17,0.2,1380224.9031289744
1,17,0.30000000000000004,1368945.1240875395
1,17,0.4,1377187.6437243922
1,17,0.5,1392457.4703612898
1,17,0.6,1411063.2450386388
1,17,0.7000000000000001,1430232.594036195
1,17,0.8,1451042.2603640573
1,17,0.9,1471553.6605390315
1,17,1.0,1491455.1633188415
1,17,1.1,1510529.4201082014
1,17,1.2000000000000002,1528599.4003866962
1,17,1.3000000000000003,1549987.1680041854
1,17,1.4000000000000001,1566370.1735866219
1,17,1.5000000000000002,1586898.2640966605
1,17,1.6,1601369.0650895624
1,17,1.7000000000000002,1621028.9458901654
1,17,1.8000000000000003,1633350.6956131281
1,17,1.9000000000000001,1652163.4441132357
1,18,0.1,1465068.0480862665
1,18,0.2,1383043.374810793
1,18,0.30000000000000004,1371854.63386788
1,18,0.4,1379606.459904274
1,18,0.5,1394134.2348044068
1,18,0.6,1411893.617582359
1,18,0.7000000000000001,1430099.4563764448
1,18,0.8,1449990.47066961
1,18,0.9,1469536.8939342778
1,18,1.0,1488421.2812043158
1,18,1.1,1506413.370540279
1,18,1.2000000000000002,1527509.8104602438
1,18,1.3000000000000003,1543929.8233155257
1,18,1.4000000000000001,1564216.7353210694
1,18,1.5000000000000002,1578794.5461102333
1,18,1.6,1598229.8510656296
1,18,1.7000000000000002,1610718.9926645514
1,18,1.8000000000000003,1629310.6897432324
1,18,1.9000000000000001,1647593.559992243
1,19,0.1,1468077.8673295649
1,19,0.2,1388062.5928507997
1,19,0.30000000000000004,1376933.4044769453
1,19,0.4,1384202.1831858794
1,19,0.5,1399135.8365124678
1,19,0.6,1416421.5503883353
1,19,0.7000000000000001,1434141.8126406604
1,19,0.8,1453502.3042788776
1,19,0.9,1472527.3956389846
1,19,1.0,1490908.1084797601
1,19,1.1,1508420.3222869094
1,19,1.2000000000000002,1524871.8602600065
1,19,1.3000000000000003,1544936.1559968232
1,19,1.4000000000000001,1559630.4798415755
1,19,1.5000000000000002,1578870.9852713489
1,19,1.6,1591539.7041644603
1,19,1.7000000000000002,1609943.9598044762
1,19,1.8000000000000003,1628039.7889324944
1,19,1.9000000000000001,1637866.666522352
1,20,0.1,1473136.3544168808
1,20,0.2,1394964.7758980352
1,20,0.30000000000000004,1383865.0367807415
1,20,0.4,1391488.58313748
1,20,0.5,1404940.9655914349
1,20,0.6,1421444.4601358678
1,20,0.7000000000000001,1438257.0461570257
1,20,0.8,1456765.2206643065
1,20,0.9,1474882.896482907
1,20,1.0,1492291.1099111405
1,20,1.1,1512557.0780838432
1,20,1.2000000000000002,1528591.4749631584
1,20,1.3000000000000003,1543402.697659642
1,20,1.4000000000000001,1562468.763655522
1,20,1.5000000000000002,1575324.998209033
1,20,1.6,1593568.9056447318
1,20,1.7000000000000002,1611506.5075688167
1,20,1.8000000000000003,1621584.3247171948
1,20,1.9000000000000001,1638721.2130991614
2,1,0.1,4122924.8036851506
2,1,0.2,3846657.9668024685
2,1,0.30000000000000004,3818753.576915096
2,1,0.4,3856637.755782544
2,1,0.5,3919424.9111339534
2,1,0.6,3992792.5489281784
2,1,0.7000000000000001,4070496.482174067
2,1,0.8,4150011.574068973
2,1,0.9,4228930.38775498
2,1,1.0,4306294.458422326
2,1,1.1,4383474.808221852
2,1,1.2000000000000002,4460922.755423651
2,1,1.3000000000000003,4534345.119700836
2,1,1.4000000000000001,4608289.321809456
2,1,1.5000000000000002,4680519.163762243
2,1,1.6,4747678.670697346
2,1,1.7000000000000002,4816160.84594616
2,1,1.8000000000000003,4886920.200554798
2,1,1.9000000000000001,4952324.2746250015
2,2,0.1,2740692.9502481106
2,2,0.2,2543059.4822568847
2,2,0.30000000000000004,2521372.5866363198
2,2,0.4,2546472.622294799
2,2,0.5,2588097.8543101456
2,2,0.6,2638457.210726854
2,2,0.7000000000000001,2691191.4871354857
2,2,0.8,2743999.8393579926
2,2,0.9,2799633.630843409
2,2,1.0,2852364.6108838804
2,2,1.1,2903390.407470859
2,2,1.2000000000000002,2955572.5271242065
2,2,1.3000000000000003,3006381.892637385
2,2,1.4000000000000001,3055735.0482886406
2,2,1.5000000000000002,3103570.5721364175
2,2,1.6,3154568.5470143664
2,2,1.7000000000000002,3199784.50235581
2,2,1.8000000000000003,3243395.9412755966
2,2,1.9000000000000001,3291472.210465923
2,3,0.1,2212643.3387260837
2,3,0.2,2050068.9017602948
2,3,0.30000000000000004,2031058.6141834883
2,3,0.4,2050135.5145648548
2,3,0.5,2083580.288705942
2,3,0.6,2123035.6960754152
2,3,0.7000000000000001,2163953.163792647
2,3,0.8,2206398.606750845
2,3,0.9,2250445.2029395048
2,3,1.0,2291008.3312550085
2,3,1.1,2333033.547959467
2,3,1.2000000000000002,2373849.8024597606
2,3,1.3000000000000003,2413317.05475061
2,3,1.4000000000000001,2451322.781267249
2,3,1.5000000000000002,2493132.913885176
2,3,1.6,2528663.789790259
2,3,1.7000000000000002,2568850.5195894595
2,3,1.8000000000000003,2601827.8800601
2,3,1.9000000000000001,2633016.6829736577
2,4,0.1,1929426.0283705778
2,4,0.2,1787856.1810519719
2,4,0.30000000000000004,1770374.6664838553
2,4,0.4,1785308.0633000636
2,4,0.5,1813668.591692816
2,4,0.6,1846211.6465641644
2,4,0.7000000000000001,1881478.7817604046
2,4,0.8,1918954.2084594693
2,4,0.9,1953476.7330518432
2,4,1.0,1989633.8935365868
2,4,1.1,2024764.5643614442
2,4,1.2000000000000002,2058664.3576228016
2,4,1.3000000000000003,2091171.4120765405
2,4,1.4000000000000001,2127672.075871262
2,4,1.5000000000000002,2157819.006565947
2,4,1.6,2186258.9013260435
2,4,1.7000000000000002,2220511.976930422
2,4,1.8000000000000003,2254177.1138829086
2,4,1.9000000000000001,2279133.1814217423
2,5,0.1,1753876.4599707245
2,5,0.2,1626213.55349549
2,5,0.30000000000000004,1610223.813671274
2,5,0.4,1623181.1555646677
2,5,0.5,1647631.9204467528
2,5,0.6,1675489.3619065587
2,5,0.7000000000000001,1705777.6804280523
2,5,0.8,1738321.2536429549
2,5,0.9,1770540.2083414039
2,5,1.0,1801992.52355293
2,5,1.1,1832388.5784750548
2,5,1.2000000000000002,1861512.579916339
2,5,1.3000000000000003,1889177.332678488
2,5,1.4000000000000001,1921442.2151900688
2,5,1.5000000000000002,1946694.852558563
2,5,1.6,1977657.1642602358
2,5,1.7000000000000002,2000268.0051424154
2,5,1.8000000000000003,2029952.1595963945
2,5,1.9000000000000001,2049665.9811004554
2,6,0.1,1636365.2168842698
2,6,0.2,1519413.8184028557
2,6,0.30000000000000004,1504037.7613074228
2,6,0.4,1514824.686377484
2,6,0.5,1536046.0903736004
2,6,0.6,1561903.6636439255
2,6,0.7000000000000001,1588544.4703205845
2,6,0.8,1617464.925455344
2,6,0.9,1645970.8620314242
2,6,1.0,1673629.1872150032
2,6,1.1,1700137.8384838107
2,6,1.2000000000000002,1730531.3803451771
2,6,1.3000000000000003,1754974.6633403716
2,6,1.4000000000000001,1777743.1196171066
2,6,1.5000000000000002,1806272.2517638793
2,6,1.6,1826383.2013718951
2,6,1.7000000000000002,1853705.729839701
2,6,1.8000000000000003,1880566.9157620377
2,6,1.9000000000000001,1896975.229927646
2,7,0.1,1554105.2800855446
2,7,0.2,1445259.5362514127
2,7,0.30000000000000004,1430120.366952633
2,7,0.4,1440008.174380571
2,7,0.5,1458783.6796618267
2,7,0.6,1481817.6255103613
2,7,0.7000000000000001,1507941.6552092733
2,7,0.8,1534277.9657085333
2,7,0.9,1560158.0271604587
2,7,1.0,1585161.5327334697
2,7,1.1,1608983.6085863414
2,7,1.2000000000000002,1631362.834297458
2,7,1.3000000000000003,1658656.5380085087
2,7,1.4000000000000001,1678645.4041273915
2,7,1.5000000000000002,1704818.4959388068
2,7,1.6,1722051.907188457
2,7,1.7000000000000002,1747087.4383154882
2,7,1.8000000000000003,1771703.41313486
2,7,1.9000000000000001,1785071.0333524095
2,8,0.1,1494947.9604305583
2,8,0.2,1392362.1752710994
2,8,0.30000000000000004,1377931.2062841437
2,8,0.4,1387547.0391820208
2,8,0.5,1404628.071271285
2,8,0.6,1425665.209371615
2,8,0.7000000000000001,1449693.8999780728
2,8,0.8,1470543.5224735555
2,8,0.9,1497508.5135763115
2,8,1.0,1520234.729926256
2,8,1.1,1541718.6692864825
2,8,1.2000000000000002,1561673.7467794367
2,8,1.3000000000000003,1586960.3020793241
2,8,1.4000000000000001,1604414.1426712829
2,8,1.5000000000000002,1628634.4871796053
2,8,1.6,1652451.6921536436
2,8,1.7000000000000002,1666278.6403233535
2,8,1.8000000000000003,1689025.4897808337
2,8,1.9000000000000001,1711397.494497974
2,9,0.1,1452129.2687452566
2,9,0.2,1355421.0070014615
2,9,0.30000000000000004,1341468.168148631
2,9,0.4,1348970.1426850606
2,9,0.5,1365780.2382751415
2,9,0.6,1385070.957766619
2,9,0.7000000000000001,1407289.224544546
2,9,0.8,1429558.1444180133
2,9,0.9,1451249.3868061334
2,9,1.0,1471941.6220162855
2,9,1.1,1491297.8973736237
2,9,1.2000000000000002,1515485.849936742
2,9,1.3000000000000003,1532571.7665699539
2,9,1.4000000000000001,1555786.2462094582
2,9,1.5000000000000002,1570129.5773675113
2,9,1.6,1592308.5103578288
2,9,1.7000000000000002,1603394.043164777
2,9,1.8000000000000003,1624531.36949988
2,9,1.9000000000000001,1645323.7740966398
2,10,0.1,1420902.0820903452
2,10,0.2,1328763.2401327682
2,10,0.30000000000000004,1314772.4437733553
2,10,0.4,1322258.6971137647
2,10,0.5,1337764.8498948375
2,10,0.6,1355471.520154131
2,10,0.7000000000000001,1376069.0904552294
2,10,0.8,1396626.2011754566
2,10,0.9,1416519.8805294654
2,10,1.0,1435314.1690205974
2,10,1.1,1452639.1282340414
2,10,1.2000000000000002,1475322.8169484446
2,10,1.3000000000000003,1490188.2649475322
2,10,1.4000000000000001,1511927.477281065
2,10,1.5000000000000002,1533319.1401005636
2,10,1.6,1544488.7467584934
2,10,1.7000000000000002,1564875.4440248166
2,10,1.8000000000000003,1584927.3486019662
2,10,1.9000000000000001,1591692.3569946704
2,11,0.1,1398733.6598344152
2,11,0.2,1310277.5854753368
2,11,0.30000000000000004,1297012.6101572781
2,11,0.4,1303709.1473098295
2,11,0.5,1318015.6902477483
2,11,0.6,1334243.590008267
2,11,0.7000000000000001,1353349.7199273666
2,11,0.8,1372311.324564833
2,11,0.9,1390500.3803734686
2,11,1.0,1407454.228902292
2,11,1.1,1429332.5153355668
2,11,1.2000000000000002,1444088.0506008058
2,11,1.3000000000000003,1465132.9199469774
2,11,1.4000000000000001,1477056.7620351166
2,11,1.5000000000000002,1497143.20751167
2,11,1.6,1516904.528819373
2,11,1.7000000000000002,1524654.05119847
2,11,1.8000000000000003,1543433.256912895
2,11,1.9000000000000001,1561909.7804305854
2,12,0.1,1383652.9703218564
2,12,0.2,1298637.726190803
2,12,0.30000000000000004,1285530.594236008
2,12,0.4,1291465.493287886
2,12,0.5,1304639.3678640593
2,12,0.6,1322085.6468074457
2,12,0.7000000000000001,1337138.5771640078
2,12,0.8,1354564.2921869783
2,12,0.9,1375945.4782544952
2,12,1.0,1392176.9663684354
2,12,1.1,1406824.2138976208
2,12,1.2000000000000002,1427249.9139919044
2,12,1.3000000000000003,1439276.8213975213
2,12,1.4000000000000001,1458813.9123883846
2,12,1.5000000000000002,1478044.525452416
2,12,1.6,1486108.2202632343
2,12,1.7000000000000002,1504383.2019804977
2,12,1.8000000000000003,1522362.2734476468
2,12,1.9000000000000001,1525525.499497125
2,13,0.1,1374027.9498711997
2,13,0.2,1292181.0995507266
2,13,0.30000000000000004,1279150.7796409945
2,13,0.4,1284334.0727170492
2,13,0.5,1296412.9662009552
2,13,0.6,1312694.5253119965
2,13,0.7000000000000001,1329695.7766435584
2,13,0.8,1346439.977693542
2,13,0.9,1362306.9045680668
2,13,1.0,1376810.7865923985
2,13,1.1,1396656.0310850916
2,13,1.2000000000000002,1408785.3628451177
2,13,1.3000000000000003,1427839.4277984113
2,13,1.4000000000000001,1446612.4295978562
2,13,1.5000000000000002,1454991.0841022248
2,13,1.6,1472839.2660848638
2,13,1.7000000000000002,1490399.5192885492
2,13,1.8000000000000003,1494089.7639627808
2,13,1.9000000000000001,1510714.948515432
2,14,0.1,1368952.1105206204
2,14,0.2,1289727.8067009866
2,14,0.30000000000000004,1276700.871105022
2,14,0.4,1282705.4867922463
2,14,0.5,1294345.6300087252
2,14,0.6,1307258.8790423286
2,14,0.7000000000000001,1322983.238538893
2,14,0.8,1338305.1746214794
2,14,0.9,1357846.0558310885
2,14,1.0,1371823.1029987845
2,14,1.1,1384029.903713412
2,14,1.2000000000000002,1402636.2439014488
2,14,1.3000000000000003,1420998.1944566006
2,14,1.4000000000000001,1429686.3281414476
2,14,1.5000000000000002,1447163.6017732644
2,14,1.6,1464363.4715054138
2,14,1.7000000000000002,1468562.5501962993
2,14,1.8000000000000003,1484842.0723847088
2,14,1.9000000000000001,1500863.3684952422
2,15,0.1,1367462.0456337442
2,15,0.2,1290554.9634261704
2,15,0.30000000000000004,1278533.552949849
2,15,0.4,1282806.3629023167
2,15,0.5,1293423.5579657042
2,15,0.6,1308054.8605507412
2,15,0.7000000000000001,1323245.7609025398
2,15,0.8,1338047.8903169716
2,15,0.9,1351828.977246493
2,15,1.0,1370428.701127715
2,15,1.1,1382221.3781719324
2,15,1.2000000000000002,1400196.4861418242
2,15,1.3000000000000003,1409181.9713929235
2,15,1.4000000000000001,1426328.8786432394
2,15,1.5000000000000002,1443213.2243757348
2,15,1.6,1447904.9020195578
2,15,1.7000000000000002,1463886.1995260818
2,15,1.8000000000000003,1479613.4283135599
2,15,1.9000000000000001,1495091.1915111607
2,16,0.1,1368689.2312566175
2,16,0.2,1294643.4545432965
2,16,0.30000000000000004,1281965.6352460217
2,16,0.4,1285485.8330473118
2,16,0.5,1297420.508088566
2,16,0.6,1308609.5648907488
2,16,0.7000000000000001,1322572.7001436835
2,16,0.8,1340620.813552965
2,16,0.9,1353962.1260974393
2,16,1.0,1365799.7406840608
2,16,1.1,1383384.6616199946
2,16,1.2000000000000002,1392644.4228374793
2,16,1.3000000000000003,1409484.9033777881
2,16,1.4000000000000001,1426084.6280560736
2,16,1.5000000000000002,1431252.6028076909
2,16,1.6,1446972.1293687408
2,16,1.7000000000000002,1462443.4405934042
2,16,1.8000000000000003,1477668.7907987447
2,16,1.9000000000000001,1476843.1813236172
2,17,0.1,1373025.8979376974
2,17,0.2,1300814.322594435
2,17,0.30000000000000004,1289086.0321559901
2,17,0.4,1292501.9886875488
2,17,0.5,1301782.650490832
2,17,0.6,1314940.972882032
2,17,0.7000000000000001,1328490.6271232849
2,17,0.8,1341490.0339313233
2,17,0.9,1353271.8159313886
2,17,1.0,1370437.6141419518
2,17,1.1,1379937.5182810875
2,17,1.2000000000000002,1396487.362626535
2,17,1.3000000000000003,1412829.1572481818
2,17,1.4000000000000001,1418458.540024889
2,17,1.5000000000000002,1433952.2643126005
2,17,1.6,1449206.2990175684
2,17,1.7000000000000002,1449708.051546611
2,17,1.8000000000000003,1464061.8357050603
2,17,1.9000000000000001,1478192.7994330837
2,18,0.1,1379455.393744607
2,18,0.2,1308681.4951443784
2,18,0.30000000000000004,1296806.8213474392
2,18,0.4,1301211.517330945
2,18,0.5,1310229.3973858897
2,18,0.6,1323015.1421488496
2,18,0.7000000000000001,1336181.1382085667
2,18,0.8,1348812.4670798387
2,18,0.9,1360260.6481645652
2,18,1.0,1376940.3971513757
2,18,1.1,1386171.3116999362
2,18,1.2000000000000002,1402252.5475426698
2,18,1.3000000000000003,1408319.9280099547
2,18,1.4000000000000001,1423601.6115042698
2,18,1.5000000000000002,1438656.63130701
2,18,1.6,1453478.7483326187
2,18,1.7000000000000002,1453966.2937491075
2,18,1.8000000000000003,1467913.6508039315
2,18,1.9000000000000001,1481644.4965842408
2,19,0.1,1387666.2845261642
2,19,0.2,1318996.8476417111
2,19,0.30000000000000004,1307438.888888889
2,19,0.4,1310012.668467402
2,19,0.5,1318010.729685803
2,19,0.6,1329788.784454342
2,19,0.7000000000000001,1341769.3337661526
2,19,0.8,1358057.4674340854
2,19,0.9,1369200.3086636458
2,19,1.0,1378614.0503011518
2,19,1.1,1394419.8966305386
2,19,1.2000000000000002,1410072.2222222222
2,19,1.3000000000000003,1415977.7767138863
2,19,1.4000000000000001,1430851.8751961957
2,19,1.5000000000000002,1445505.3554415097
2,19,1.6,1446617.477597077
2,19,1.7000000000000002,1460406.6866318458
2,19,1.8000000000000003,1473982.047126556
2,19,1.9000000000000001,1487346.6710214107
2,20,0.1,1397483.703427888
2,20,0.2,1330151.6433039224
2,20,0.30000000000000004,1318369.654799697
2,20,0.4,1322024.1422684803
2,20,0.5,1329819.4066413683
2,20,0.6,1341298.8199906787
2,20,0.7000000000000001,1352975.5934821242
2,20,0.8,1363915.5207527666
2,20,0.9,1379711.0354214841
2,20,1.0,1388886.0845738454
2,20,1.1,1404291.1618057303
2,20,1.2000000000000002,1410603.9115270334
2,20,1.3000000000000003,1425302.4256582852
2,20,1.4000000000000001,1439799.3802091219
2,20,1.5000000000000002,1441516.3224760257
2,20,1.6,1455165.233927515
2,20,1.7000000000000002,1468604.807217069
2,20,1.8000000000000003,1481835.9542568112
2,20,1.9000000000000001,1476568.6760225508
3,1,0.1,3791467.2539467392
3,1,0.2,3534979.033855585
3,1,0.30000000000000004,3506749.533385483
3,1,0.4,3539618.9718337287
3,1,0.5,3595079.1099887136
3,1,0.6,3659780.443952711
3,1,0.7000000000000001,3728669.199268527
3,1,0.8,3797753.4580133273
3,1,0.9,3867876.440205336
3,1,1.0,3939329.1619640393
3,1,1.1,4006218.4714738037
3,1,1.2000000000000002,4074452.8276672186
3,1,1.3000000000000003,4140949.2794850054
3,1,1.4000000000000001,4205607.350404598
3,1,1.5000000000000002,4268356.739952259
3,1,1.6,4329140.124700047
3,1,1.7000000000000002,4387901.540408996
3,1,1.8000000000000003,4451676.479316644
3,1,1.9000000000000001,4507056.371728482
3,2,0.1,2569889.6062752977
3,2,0.2,2386011.4720310033
3,2,0.30000000000000004,2363603.3866903908
3,2,0.4,2383416.773680416
3,2,0.5,2420647.2478706716
3,2,0.6,2463438.053523263
3,2,0.7000000000000001,2509763.283753908
3,2,0.8,2556011.055407094
3,2,0.9,2604424.93610749
3,2,1.0,2651950.500977016
3,2,1.1,2698218.67538057
3,2,1.2000000000000002,2742980.9090145347
3,2,1.3000000000000003,2786048.3401638474
3,2,1.4000000000000001,2827255.072707073
3,2,1.5000000000000002,2866433.19718818
3,2,1.6,2912002.7808698346
3,2,1.7000000000000002,2947907.262389212
3,2,1.8000000000000003,2991657.5512513076
3,2,1.9000000000000001,3024089.7723121317
3,3,0.1,2102498.2893340047
3,3,0.2,1950797.6654587483
3,3,0.30000000000000004,1930359.9899349273
3,3,0.4,1945686.288255353
3,3,0.5,1973789.041032296
3,3,0.6,2007929.2666053139
3,3,0.7000000000000001,2043246.5396178404
3,3,0.8,2081375.1612955867
3,3,0.9,2114817.35058327
3,3,1.0,2150762.32492183
3,3,1.1,2191042.2457553023
3,3,1.2000000000000002,2224712.8572948556
3,3,1.3000000000000003,2256479.537821631
3,3,1.4000000000000001,2294488.8129176055
3,3,1.5000000000000002,2323146.2823650707
3,3,1.6,2359594.0279827667
3,3,1.7000000000000002,2384791.1990730553
3,3,1.8000000000000003,2419700.2050332185
3,3,1.9000000000000001,2454025.4860433275
3,4,0.1,1852407.7221296406
3,4,0.2,1719448.4315139607
3,4,0.30000000000000004,1701130.6664512844
3,4,0.4,1712646.520760616
3,4,0.5,1736887.5941548944
3,4,0.6,1764887.036864285
3,4,0.7000000000000001,1793410.8769412278
3,4,0.8,1824811.4127717938
3,4,0.9,1855549.4376637
3,4,1.0,1885083.805263506
3,4,1.1,1913003.7437515694
3,4,1.2000000000000002,1946670.155285767
3,4,1.3000000000000003,1971798.5291722612
3,4,1.4000000000000001,2004145.570649314
3,4,1.5000000000000002,2025957.157393587
3,4,1.6,2056909.343893602
3,4,1.7000000000000002,2074878.466590468
3,4,1.8000000000000003,2104439.648411053
3,4,1.9000000000000001,2133513.6922855945
3,5,0.1,1698168.419056686
3,5,0.2,1578595.9588836143
3,5,0.30000000000000004,1560928.1777813844
3,5,0.4,1571192.671788614
3,5,0.5,1589708.6631440027
3,5,0.6,1612718.7278532144
3,5,0.7000000000000001,1639485.5574456984
3,5,0.8,1666199.8092491166
3,5,0.9,1692051.9227485354
3,5,1.0,1716475.36250382
3,5,1.1,1746651.85978365
3,5,1.2000000000000002,1768467.1579270528
3,5,1.3000000000000003,1797533.5700336848
3,5,1.4000000000000001,1816035.4240424866
3,5,1.5000000000000002,1843834.187926732
3,5,1.6,1871175.9919311071
3,5,1.7000000000000002,1884842.0445506792
3,5,1.8000000000000003,1910899.773932124
3,5,1.9000000000000001,1936532.2897755355
3,6,0.1,1595631.695913447
3,6,0.2,1485562.6308696643
3,6,0.30000000000000004,1469056.5464467835
3,6,0.4,1477389.2877395991
3,6,0.5,1495191.4320987656
3,6,0.6,1515384.3896452836
3,6,0.7000000000000001,1539158.8321811738
3,6,0.8,1562753.4367269673
3,6,0.9,1585386.731064207
3,6,1.0,1606483.012693055
3,6,1.1,1633706.9489791617
3,6,1.2000000000000002,1652067.7905904725
3,6,1.3000000000000003,1678254.6761117375
3,6,1.4000000000000001,1693091.9403683834
3,6,1.5000000000000002,1718086.2247030267
3,6,1.6,1742675.9453765785
3,6,1.7000000000000002,1752318.9539430728
3,6,1.8000000000000003,1775686.5929687526
3,6,1.9000000000000001,1798677.5936839336
3,7,0.1,1524424.888059529
3,7,0.2,1421935.5205503772
3,7,0.30000000000000004,1405618.8359038539
3,7,0.4,1412109.402454666
3,7,0.5,1427234.7023107838
3,7,0.6,1447622.6181416274
3,7,0.7000000000000001,1468911.7390914669
3,7,0.8,1489878.9793498209
3,7,0.9,1509747.6889375034
3,7,1.0,1527909.5814144982
3,7,1.1,1552759.9763674708
3,7,1.2000000000000002,1567948.43548992
3,7,1.3000000000000003,1591808.1082555181
3,7,1.4000000000000001,1603097.5421335574
3,7,1.5000000000000002,1625807.6582749481
3,7,1.6,1648157.313459313
3,7,1.7000000000000002,1670146.4216180188
3,7,1.8000000000000003,1674767.3794329513
3,7,1.9000000000000001,1695585.5861550483
3,8,0.1,1473864.2604307332
3,8,0.2,1377364.2534373775
3,8,0.30000000000000004,1362240.10078916
3,8,0.4,1367615.7287227733
3,8,0.5,1380973.2360760793
3,8,0.6,1399380.8974877102
3,8,0.7000000000000001,1418492.589600461
3,8,0.8,1437115.1684753355
3,8,0.9,1454453.172430111
3,8,1.0,1477853.5099985166
3,8,1.1,1492689.8928089351
3,8,1.2000000000000002,1515304.4002613097
3,8,1.3000000000000003,1526609.0513106696
3,8,1.4000000000000001,1548181.5983266295
3,8,1.5000000000000002,1554897.7566043863
3,8,1.6,1575326.4222828285
3,8,1.7000000000000002,1595432.5141163392
3,8,1.8000000000000003,1615218.9617535588
3,8,1.9000000000000001,1614146.0223184668
3,9,0.1,1438164.4505384131
3,9,0.2,1346977.463434169
3,9,0.30000000000000004,1330756.6321321134
3,9,0.4,1336480.8542524646
3,9,0.5,1348200.2438953582
3,9,0.6,1364816.24719533
3,9,0.7000000000000001,1381926.4146538135
3,9,0.8,1398341.7432951382
3,9,0.9,1413219.4855158003
3,9,1.0,1434896.0299287974
3,9,1.1,1446892.2733580403
3,9,1.2000000000000002,1467791.0065006395
3,9,1.3000000000000003,1488427.0196099055
3,9,1.4000000000000001,1495535.6646190244
3,9,1.5000000000000002,1515100.7555356026
3,9,1.6,1534363.1723893762
3,9,1.7000000000000002,1534996.7730438123
3,9,1.8000000000000003,1553122.3758260775
3,9,1.9000000000000001,1570966.6064928726
3,10,0.1,1413221.478902175
3,10,0.2,1326235.4824714535
3,10,0.30000000000000004,1311594.6086790687
3,10,0.4,1314854.9060018314
3,10,0.5,1324986.3320941583
3,10,0.6,1339906.0092684575
3,10,0.7000000000000001,1355082.1934190397
3,10,0.8,1375714.9465241216
3,10,0.9,1389829.9763161028
3,10,1.0,1401754.694700756
3,10,1.1,1421776.5174325495
3,10,1.2000000000000002,1441603.8700339936
3,10,1.3000000000000003,1449084.6440906925
3,10,1.4000000000000001,1467926.1889786962
3,10,1.5000000000000002,1486488.2689686823
3,10,1.6,1487897.0333075754
3,10,1.7000000000000002,1505364.3104879484
3,10,1.8000000000000003,1522560.698184059
3,10,1.9000000000000001,1539490.1384002632
3,11,0.1,1395876.2899554675
3,11,0.2,1312737.9883142707
3,11,0.30000000000000004,1298138.0766887034
3,11,0.4,1300316.1778595054
3,11,0.5,1312326.2899061183
3,11,0.6,1326551.2588367176
3,11,0.7000000000000001,1341020.7909522627
3,11,0.8,1354577.2437772024
3,11,0.9,1366335.1263951948
3,11,1.0,1385520.0701852906
3,11,1.1,1393999.8419575277
3,11,1.2000000000000002,1412432.1957659763
3,11,1.3000000000000003,1430646.184624178
3,11,1.4000000000000001,1433568.1808522614
3,11,1.5000000000000002,1450737.9934525595
3,11,1.6,1467651.3439371125
3,11,1.7000000000000002,1484305.2884085781
3,11,1.8000000000000003,1500700.9568830337
3,11,1.9000000000000001,1494173.8925678805
3,12,0.1,1385021.0657814527
3,12,0.2,1304911.1034629822
3,12,0.30000000000000004,1290229.0865560551
3,12,0.4,1293836.593536794
3,12,0.5,1302000.155546111
3,12,0.6,1314678.719647471
3,12,0.7000000000000001,1327330.3344383587
3,12,0.8,1345786.2024848806
3,12,0.9,1357043.2132665832
3,12,1.0,1375410.901234568
3,12,1.1,1383529.4447995785
3,12,1.2000000000000002,1401176.6022253851
3,12,1.3000000000000003,1404737.117461168
3,12,1.4000000000000001,1421412.2194473278
3,12,1.5000000000000002,1437850.6184211029
3,12,1.6,1454043.4802606986
3,12,1.7000000000000002,1449459.4045652137
3,12,1.8000000000000003,1464561.4824282764
3,12,1.9000000000000001,1479436.1998170174
3,13,0.1,1379224.9576103347
3,13,0.2,1301695.5791316526
3,13,0.30000000000000004,1286804.8432578067
3,13,0.4,1289442.7632393278
3,13,0.5,1299764.3760326928
3,13,0.6,1311947.195252154
3,13,0.7000000000000001,1324104.1189068686
3,13,0.8,1335059.5717463023
3,13,0.9,1352655.1936468845
3,13,1.0,1360998.2943300605
3,13,1.1,1378105.7863158647
3,13,1.2000000000000002,1382251.1145578572
3,13,1.3000000000000003,1398484.217188327
3,13,1.4000000000000001,1414507.305555382
3,13,1.5000000000000002,1430302.9462410172
3,13,1.6,1426725.7231350075
3,13,1.7000000000000002,1441457.8169204118
3,13,1.8000000000000003,1455969.388023655
3,13,1.9000000000000001,1470262.4886807057
3,14,0.1,1377140.3818847584
3,14,0.2,1301847.243436553
3,14,0.30000000000000004,1288424.31884138
3,14,0.4,1290965.8004796954
3,14,0.5,1297296.917989376
3,14,0.6,1307953.269728147
3,14,0.7000000000000001,1318250.8451614454
3,14,0.8,1334914.9278342668
3,14,0.9,1343361.2302529989
3,14,1.0,1359905.3701637466
3,14,1.1,1364569.5066355225
3,14,1.2000000000000002,1380381.2196018426
3,14,1.3000000000000003,1396020.8646848006
3,14,1.4000000000000001,1411458.1733064586
3,14,1.5000000000000002,1408824.5003116857
3,14,1.6,1423229.9041191523
3,14,1.7000000000000002,1437423.4149579303
3,14,1.8000000000000003,1451404.4650884732
3,14,1.9000000000000001,1465175.031720121
3,15,0.1,1378467.3145304737
3,15,0.2,1305075.1307845989
3,15,0.30000000000000004,1291357.5631320002
3,15,0.4,1292888.0136106904
3,15,0.5,1301672.0187165549
3,15,0.6,1311966.7538092847
3,15,0.7000000000000001,1321914.8874465697
3,15,0.8,1330266.0432217065
3,15,0.9,1346173.167290454
3,15,1.0,1362155.8921378835
3,15,1.1,1366661.754049195
3,15,1.2000000000000002,1381936.9064034768
3,15,1.3000000000000003,1397045.8298906381
3,15,1.4000000000000001,1395298.0084255773
3,15,1.5000000000000002,1409414.9821327745
3,15,1.6,1423331.547551886
3,15,1.7000000000000002,1437043.410457967
3,15,1.8000000000000003,1425192.4022140994
3,15,1.9000000000000001,1437800.8152879751
3,16,0.1,1382523.1197757581
3,16,0.2,1311817.8866982628
3,16,0.30000000000000004,1298536.2685886817
3,16,0.4,1300018.0807662024
3,16,0.5,1308522.9268324513
3,16,0.6,1318490.4913091636
3,16,0.7000000000000001,1328122.4694571607
3,16,0.8,1336208.2223098525
3,16,0.9,1351609.8118958026
3,16,1.0,1356544.9630402504
3,16,1.1,1371447.263536369
3,16,1.2000000000000002,1386236.9657104863
3,16,1.3000000000000003,1385320.7564310483
3,16,1.4000000000000001,1399173.4468035519
3,16,1.5000000000000002,1412841.7776906588
3,16,1.6,1426316.0693416735
3,16,1.7000000000000002,1415732.1563715476
3,16,1.8000000000000003,1428117.7853314811
3,16,1.9000000000000001,1440325.4982187832
3,17,0.1,1389188.1739845066
3,17,0.2,1319894.745905304
3,17,0.30000000000000004,1306172.6036352562
3,17,0.4,1306553.374563406
3,17,0.5,1313851.2399890772
3,17,0.6,1322280.7626016631
3,17,0.7000000000000001,1336763.4632817311
3,17,0.8,1344610.9814581522
3,17,0.9,1349854.6080081833
3,17,1.0,1364348.5303838316
3,17,1.1,1378811.7567703326
3,17,1.2000000000000002,1378670.6237884387
3,17,1.3000000000000003,1392276.4878405132
3,17,1.4000000000000001,1405721.0293038804
3,17,1.5000000000000002,1418986.6431597625
3,17,1.6,1409598.3372094068
3,17,1.7000000000000002,1421791.8611336786
3,17,1.8000000000000003,1433812.5659660217
3,17,1.9000000000000001,1445660.5967580758
3,18,0.1,1397698.3804215542
3,18,0.2,1330377.3188596459
3,18,0.30000000000000004,1317045.7633264535
3,18,0.4,1317415.6959998042
3,18,0.5,1324505.8351545676
3,18,0.6,1332695.4200325266
3,18,0.7000000000000001,1340149.7102971277
3,18,0.8,1354390.0320613948
3,18,0.9,1359484.404147862
3,18,1.0,1373565.7718557674
3,18,1.1,1387617.3173044426
3,18,1.2000000000000002,1387480.2015284467
3,18,1.3000000000000003,1400698.7885841448
3,18,1.4000000000000001,1413760.6449335292
3,18,1.5000000000000002,1426648.6666666665
3,18,1.6,1417527.5892374548
3,18,1.7000000000000002,1429374.036981738
3,18,1.8000000000000003,1441052.5847526854
3,18,1.9000000000000001,1452563.3734731912
3,19,0.1,1407730.8895583842
3,19,0.2,1341475.9080110285
3,19,0.30000000000000004,1329613.2923631454
3,19,0.4,1329973.358387107
3,19,0.5,1336874.3930853107
3,19,0.6,1344845.5496695517
3,19,0.7000000000000001,1352101.0230310205
3,19,0.8,1357309.846254584
3,19,0.9,1370920.0321125863
3,19,1.0,1384625.8289988337
3,19,1.1,1385179.2507616682
3,19,1.2000000000000002,1398169.1403331906
3,19,1.3000000000000003,1411035.1681982866
3,19,1.4000000000000001,1423748.645595905
3,19,1.5000000000000002,1415723.50815748
3,19,1.6,1427415.1199457245
3,19,1.7000000000000002,1438945.6054762977
3,19,1.8000000000000003,1450312.6691731776
3,19,1.9000000000000001,1461516.4482006358
3,20,0.1,1419838.5086773615
3,20,0.2,1355240.163836765
3,20,0.30000000000000004,1341672.55042486
3,20,0.4,1344025.2234685293
3,20,0.5,1346432.2502430056
3,20,0.6,1358525.5511202998
3,20,0.7000000000000001,1365599.60893814
3,20,0.8,1370678.1909700278
3,20,0.9,1383948.0683266679
3,20,1.0,1385111.4094909295
3,20,1.1,1397850.7500864156
3,20,1.2000000000000002,1410515.841018223
3,20,1.3000000000000003,1423060.1672763797
3,20,1.4000000000000001,1416080.690271317
3,20,1.5000000000000002,1427631.2801850366
3,20,1.6,1439030.555415376
3,20,1.7000000000000002,1450272.7331820563
3,20,1.8000000000000003,1461355.5753075383
3,20,1.9000000000000001,1472279.2155264448
4,1,0.1,3658324.614022553
4,1,0.2,3411510.469699966
4,1,0.30000000000000004,3382350.833250433
4,1,0.4,3410893.077969063
4,1,0.5,3461182.8726644577
4,1,0.6,3520541.3202258246
4,1,0.7000000000000001,3584622.496369889
4,1,0.8,3648994.197793812
4,1,0.9,3712044.209610571
4,1,1.0,3777311.19824793
4,1,1.1,3841045.595003767
4,1,1.2000000000000002,3902946.5097974534
4,1,1.3000000000000003,3962801.561445547
4,1,1.4000000000000001,4020440.099512819
4,1,1.5000000000000002,4083848.3051010226
4,1,1.6,4137733.5463822824
4,1,1.7000000000000002,4189081.954190844
4,1,1.8000000000000003,4248692.383080991
4,1,1.9000000000000001,4295992.544629507
4,2,0.1,2519331.6527744792
4,2,0.2,2341606.8677105913
4,2,0.30000000000000004,2317832.7440595804
4,2,0.4,2335205.307859154
4,2,0.5,2367389.1605092445
4,2,0.6,2406604.1119881063
4,2,0.7000000000000001,2447006.895739739
4,2,0.8,2490866.9375541713
4,2,0.9,2534098.3308486613
4,2,1.0,2576044.2578202914
4,2,1.1,2616246.6179725253
4,2,1.2000000000000002,2654332.2882621833
4,2,1.3000000000000003,2699410.780499439
4,2,1.4000000000000001,2733940.8540994013
4,2,1.5000000000000002,2777207.4252185756
4,2,1.6,2807707.190406412
4,2,1.7000000000000002,2849143.8564439965
4,2,1.8000000000000003,2875114.117070065
4,2,1.9000000000000001,2914765.30238265
4,3,0.1,2083212.5633218235
4,3,0.2,1936129.8853374985
4,3,0.30000000000000004,1914397.2509600215
4,3,0.4,1927023.3127183241
4,3,0.5,1952514.323922228
4,3,0.6,1981766.9801045512
4,3,0.7000000000000001,2011028.4464688746
4,3,0.8,2043888.886823678
4,3,0.9,2075688.8354033558
4,3,1.0,2113498.5972040687
4,3,1.1,2142850.6630121246
4,3,1.2000000000000002,2169685.0399858346
4,3,1.3000000000000003,2205438.8057430284
4,3,1.4000000000000001,2228197.4094495233
4,3,1.5000000000000002,2262391.8772294014
4,3,1.6,2296024.2516746977
4,3,1.7000000000000002,2312834.4738098946
4,3,1.8000000000000003,2344887.3446303685
4,3,1.9000000000000001,2376417.172387259
4,4,0.1,1850163.7625813556
4,4,0.2,1721510.8628918254
4,4,0.30000000000000004,1701632.9130834327
4,4,0.4,1710633.6331401155
4,4,0.5,1730612.803145451
4,4,0.6,1753067.1861044252
4,4,0.7000000000000001,1779900.294375785
4,4,0.8,1806327.6996843298
4,4,0.9,1831370.5014437188
4,4,1.0,1863370.1443714667
4,4,1.1,1885583.7950938675
4,4,1.2000000000000002,1916560.9030283678
4,4,1.3000000000000003,1934800.6111951554
4,4,1.4000000000000001,1964430.0766997193
4,4,1.5000000000000002,1993594.7454151788
4,4,1.6,2005823.9440890353
4,4,1.7000000000000002,2033539.3261099
4,4,1.8000000000000003,2060805.938016919
4,4,1.9000000000000001,2065603.2078438334
4,5,0.1,1706965.6095768195
4,5,0.2,1590650.4168449165
4,5,0.30000000000000004,1572420.6903920958
4,5,0.4,1578900.142763496
4,5,0.5,1595000.4632777171
4,5,0.6,1617187.929906449
4,5,0.7000000000000001,1640223.991983424
4,5,0.8,1662670.5069473577
4,5,0.9,1683568.6740503407
4,5,1.0,1702111.4108993008
4,5,1.1,1729656.8727859643
4,5,1.2000000000000002,1756915.013741759
4,5,1.3000000000000003,1770540.9471125586
4,5,1.4000000000000001,1796543.1728331458
4,5,1.5000000000000002,1804638.4183034285
4,5,1.6,1829261.8795826307
4,5,1.7000000000000002,1853496.5301237565
4,5,1.8000000000000003,1877345.9011456815
4,5,1.9000000000000001,1876052.6457245601
4,6,0.1,1612027.0266154166
4,6,0.2,1505042.5134485415
4,6,0.30000000000000004,1487035.6293604411
4,6,0.4,1491045.485385173
4,6,0.5,1507389.7691895617
4,6,0.6,1521855.962901604
4,6,0.7000000000000001,1540521.2278833527
4,6,0.8,1565897.5543820385
4,6,0.9,1583257.7002974069
4,6,1.0,1608551.0524989243
4,6,1.1,1622548.9113997668
4,6,1.2000000000000002,1646934.6717806677
4,6,1.3000000000000003,1656135.3133023717
4,6,1.4000000000000001,1679308.623833571
4,6,1.5000000000000002,1702138.219085433
4,6,1.6,1703870.8654095265
4,6,1.7000000000000002,1725353.9571963914
4,6,1.8000000000000003,1746503.8806482935
4,6,1.9000000000000001,1767325.484056157
4,7,0.1,1547073.6619475016
4,7,0.2,1446744.5455889332
4,7,0.30000000000000004,1428426.6143452069
4,7,0.4,1432927.4990161173
4,7,0.5,1447273.528718554
4,7,0.6,1458931.0539424387
4,7,0.7000000000000001,1481548.9928197144
4,7,0.8,1497742.1202552833
4,7,0.9,1511786.8629371845
4,7,1.0,1534703.1998026613
4,7,1.1,1544832.2524911165
4,7,1.2000000000000002,1566849.6237026039
4,7,1.3000000000000003,1588606.1588744225
4,7,1.4000000000000001,1592096.471414039
4,7,1.5000000000000002,1612605.7423178535
4,7,1.6,1632808.6702736793
4,7,1.7000000000000002,1652701.7388081865
4,7,1.8000000000000003,1645931.3932448092
4,7,1.9000000000000001,1664489.7461008304
4,8,0.1,1501063.6404081606
4,8,0.2,1406916.9809330879
4,8,0.30000000000000004,1388834.6350255464
4,8,0.4,1392037.954323289
4,8,0.5,1404571.852878373
4,8,0.6,1419365.880058874
4,8,0.7000000000000001,1434128.461341524
4,8,0.8,1447432.0542260325
4,8,0.9,1468799.0386625421
4,8,1.0,1478930.360161543
4,8,1.1,1499704.5912216166
4,8,1.2000000000000002,1504738.4095504787
4,8,1.3000000000000003,1524450.8387684557
4,8,1.4000000000000001,1543908.2402571947
4,8,1.5000000000000002,1563089.444002173
4,8,1.6,1558745.495782332
4,8,1.7000000000000002,1576635.1970050838
4,8,1.8000000000000003,1594257.1097549845
4,8,1.9000000000000001,1611613.7261345712
4,9,0.1,1468888.446828235
4,9,0.2,1379822.381894004
4,9,0.30000000000000004,1361725.61653683
4,9,0.4,1363608.3839914983
4,9,0.5,1374414.5088320184
4,9,0.6,1387079.1408844122
4,9,0.7000000000000001,1399317.38217857
4,9,0.8,1419121.953265887
4,9,0.9,1429160.0333667253
4,9,1.0,1448822.0574561353
4,9,1.1,1454365.1902003628
4,9,1.2000000000000002,1473156.7552448926
4,9,1.3000000000000003,1491743.8247468362
4,9,1.4000000000000001,1489593.6464713505
4,9,1.5000000000000002,1506960.4146382394
4,9,1.6,1524080.639576381
4,9,1.7000000000000002,1540949.038509834
4,9,1.8000000000000003,1557564.936703695
4,9,1.9000000000000001,1541880.8015324234
4,10,0.1,1446878.3310282119
4,10,0.2,1361654.5774886988
4,10,0.30000000000000004,1345645.7292166583
4,10,0.4,1347431.8147765556
4,10,0.5,1352851.7370782904
4,10,0.6,1369697.326038905
4,10,0.7000000000000001,1381307.1220335406
4,10,0.8,1391053.1928447906
4,10,0.9,1409617.3247747584
4,10,1.0,1415565.853426855
4,10,1.1,1433528.1728956418
4,10,1.2000000000000002,1451354.7732496536
4,10,1.3000000000000003,1450250.4307501973
4,10,1.4000000000000001,1466947.6145197705
4,10,1.5000000000000002,1483422.5826673554
4,10,1.6,1499663.6678148578
4,10,1.7000000000000002,1486906.4679416737
4,10,1.8000000000000003,1501835.3458191613
4,10,1.9000000000000001,1516549.7745694106
4,11,0.1,1432357.2628727057
4,11,0.2,1350307.5136914745
4,11,0.30000000000000004,1334059.243650632
4,11,0.4,1334510.1112150778
4,11,0.5,1343151.4505791846
4,11,0.6,1353132.775435701
4,11,0.7000000000000001,1362217.9358943217
4,11,0.8,1379573.7945499914
4,11,0.9,1385782.7274193303
4,11,1.0,1402944.8556115576
4,11,1.1,1420070.6369483876
4,11,1.2000000000000002,1419903.5226045516
4,11,1.3000000000000003,1436014.1086126599
4,11,1.4000000000000001,1451933.6739380332
4,11,1.5000000000000002,1467641.3726301244
4,11,1.6,1456524.7607115614
4,11,1.7000000000000002,1470963.006983319
4,11,1.8000000000000003,1485196.6196622588
4,11,1.9000000000000001,1499225.7705027743
4,12,0.1,1423652.1138136506
4,12,0.2,1344223.7846659203
4,12,0.30000000000000004,1327541.4243594888
4,12,0.4,1330434.205735709
4,12,0.5,1338707.3595826698
4,12,0.6,1348263.4055444165
4,12,0.7000000000000001,1356961.4703965732
4,12,0.8,1363205.9536914304
4,12,0.9,1379522.2260206067
4,12,1.0,1395953.1195306242
4,12,1.1,1396616.5770535052
4,12,1.2000000000000002,1412189.2208062185
4,12,1.3000000000000003,1427613.375673159
4,12,1.4000000000000001,1419031.6047592894
4,12,1.5000000000000002,1433233.8890404312
4,12,1.6,1447250.120993049
4,12,1.7000000000000002,1461073.1902712574
4,12,1.8000000000000003,1474700.3448741706
4,12,1.9000000000000001,1488131.7492381632
4,13,0.1,1419877.7901160386
4,13,0.2,1344021.0557964668
4,13,0.30000000000000004,1327987.376420196
4,13,0.4,1326976.5979732405
4,13,0.5,1333612.2050834652
4,13,0.6,1341034.090991957
4,13,0.7000000000000001,1356263.446276563
4,13,0.8,1362265.1175737367
4,13,0.9,1377946.944026141
4,13,1.0,1379321.7354995345
4,13,1.1,1394376.5941818957
4,13,1.2000000000000002,1409343.7074911338
4,13,1.3000000000000003,1402104.2907009614
4,13,1.4000000000000001,1415920.0305328192
4,13,1.5000000000000002,1429570.0697593843
4,13,1.6,1443041.2911611348
4,13,1.7000000000000002,1456326.860872594
4,13,1.8000000000000003,1469424.1339023432
4,13,1.9000000000000001,1444756.615498758
4,14,0.1,1419591.2298335955
4,14,0.2,1345594.9347935552
4,14,0.30000000000000004,1328879.78393151
4,14,0.4,1330573.447906331
4,14,0.5,1336968.1403074057
4,14,0.6,1344120.5645893593
4,14,0.7000000000000001,1349810.7894802252
4,14,0.8,1364580.7699773975
4,14,0.9,1366512.4653288727
4,14,1.0,1381018.1242731437
4,14,1.1,1395526.3959077029
4,14,1.2000000000000002,1389521.5104166246
4,14,1.3000000000000003,1402973.527931559
4,14,1.4000000000000001,1416287.6686048172
4,14,1.5000000000000002,1429442.124657827
4,14,1.6,1442424.2551094978
4,14,1.7000000000000002,1455227.4742071005
4,14,1.8000000000000003,1432602.689064172
4,14,1.9000000000000001,1444077.3022723226
4,15,0.1,1422854.7835015994
4,15,0.2,1351367.5708851053
4,15,0.30000000000000004,1335219.2009843527
4,15,0.4,1336855.4358337244
4,15,0.5,1337194.915064341
4,15,0.6,1349943.1939456149
4,15,0.7000000000000001,1355440.4734565536
4,15,0.8,1369709.6302511133
4,15,0.9,1371575.8252575858
4,15,1.0,1385589.6231717966
4,15,1.1,1399605.9451846266
4,15,1.2000000000000002,1393804.6746533639
4,15,1.3000000000000003,1406800.5582403806
4,15,1.4000000000000001,1419663.2401435776
4,15,1.5000000000000002,1432371.6520472679
4,15,1.6,1444913.5816034903
4,15,1.7000000000000002,1424190.6572445165
4,15,1.8000000000000003,1435425.0473501305
4,15,1.9000000000000001,1446510.5768845382
4,16,0.1,1428060.1033254243
4,16,0.2,1357874.2657127273
4,16,0.30000000000000004,1343745.4733044861
4,16,0.4,1341212.4826864551
4,16,0.5,1345658.1741738848
4,16,0.6,1350218.6994763298
4,16,0.7000000000000001,1363321.810705573
4,16,0.8,1365513.1897521988
4,16,0.9,1378942.5433462358
4,16,1.0,1392509.3867096482
4,16,1.1,1387785.6448196273
4,16,1.2000000000000002,1400462.428230232
4,16,1.3000000000000003,1413043.8225156036
4,16,1.4000000000000001,1425496.2634372127
4,16,1.5000000000000002,1437799.3546299476
4,16,1.6,1418861.2291375874
4,16,1.7000000000000002,1429879.283588159
4,16,1.8000000000000003,1440755.3652741793
4,16,1.9000000000000001,1451487.3341319065
4,17,0.1,1435491.7563148756
4,17,0.2,1367968.6677437695
4,17,0.30000000000000004,1351391.483765302
4,17,0.4,1351804.947208491
4,17,0.5,1356117.745825276
4,17,0.6,1360541.945586283
4,17,0.7000000000000001,1373253.3719515286
4,17,0.8,1375379.2451813428
4,17,0.9,1388407.1617087142
4,17,1.0,1384648.116163415
4,17,1.1,1396985.9206960106
4,17,1.2000000000000002,1409283.7632505666
4,17,1.3000000000000003,1421489.0681001279
4,17,1.4000000000000001,1433569.2743254504
4,17,1.5000000000000002,1416311.0308976546
4,17,1.6,1427132.5778451264
4,17,1.7000000000000002,1437821.2750092116
4,17,1.8000000000000003,1448372.243330819
4,17,1.9000000000000001,1458783.4067180804
4,18,0.1,1445496.5749784675
4,18,0.2,1378222.628399227
4,18,0.30000000000000004,1363751.0548554966
4,18,0.4,1364152.9415936805
4,18,0.5,1368344.9846801865
4,18,0.6,1372645.3097520024
4,18,0.7000000000000001,1374749.1058597085
4,18,0.8,1387067.1746978448
4,18,0.9,1399730.318114186
4,18,1.0,1396076.5233766562
4,18,1.1,1408068.8774810745
4,18,1.2000000000000002,1420022.388516607
4,18,1.3000000000000003,1431885.9528421408
4,18,1.4000000000000001,1416213.9426144313
4,18,1.5000000000000002,1426852.897282389
4,18,1.6,1437371.4480187707
4,18,1.7000000000000002,1447760.8686784962
4,18,1.8000000000000003,1458016.4168129258
4,18,1.9000000000000001,1468136.0744594005
4,19,0.1,1456173.4374635536
4,19,0.2,1391309.4358559228
4,19,0.30000000000000004,1377228.414486246
4,19,0.4,1372981.0876137558
4,19,0.5,1375181.2019479177
4,19,0.6,1385882.6353203934
4,19,0.7000000000000001,1387929.6551458836
4,19,0.8,1399915.2896049703
4,19,0.9,1397055.1626591533
4,19,1.0,1408681.4981233366
4,19,1.1,1420350.2080882047
4,19,1.2000000000000002,1431981.1232630727
4,19,1.3000000000000003,1417820.6720506847
4,19,1.4000000000000001,1428275.4579481198
4,19,1.5000000000000002,1438627.2933983454
4,19,1.6,1448861.974322949
4,19,1.7000000000000002,1458971.0100740432
4,19,1.8000000000000003,1468949.786190011
4,19,1.9000000000000001,1478796.3391680426
4,20,0.1,1469252.5317441549
4,20,0.2,1406010.386840743
4,20,0.30000000000000004,1392281.4467232963
4,20,0.4,1388140.3198291059
4,20,0.5,1390285.422599157
4,20,0.6,1400719.277792215
4,20,0.7000000000000001,1402715.1140220999
4,20,0.8,1414401.0601930763
4,20,0.9,1411612.4477383024
4,20,1.0,1422948.0788109782
4,20,1.1,1434325.0248541473
4,20,1.2000000000000002,1445665.1211266194
4,20,1.3000000000000003,1431858.7372268299
4,20,1.4000000000000001,1442052.1121076965
4,20,1.5000000000000002,1452145.1107099045
4,20,1.6,1462123.8841132068
4,20,1.7000000000000002,1471980.1539695095
4,20,1.8000000000000003,1481709.4211969958
4,20,1.9000000000000001,1445789.794544401
5,1,0.1,3607779.5027169716
5,1,0.2,3366516.739617177
5,1,0.30000000000000004,3335470.2764368337
5,1,0.4,3362268.180719381
5,1,0.5,3407686.3387511317
5,1,0.6,3464378.698462715
5,1,0.7000000000000001,3523516.4791212264
5,1,0.8,3582191.7569333003
5,1,0.9,3644101.285960651
5,1,1.0,3704671.79353748
5,1,1.1,3763381.203964455
5,1,1.2000000000000002,3819854.9508733847
5,1,1.3000000000000003,3873782.991105372
5,1,1.4000000000000001,3935383.8639217736
5,1,1.5000000000000002,3985051.2202470796
5,1,1.6,4044200.5030129706
5,1,1.7000000000000002,4089265.616838287
5,1,1.8000000000000003,4146017.4944522716
5,1,1.9000000000000001,4186124.76237616
5,2,0.1,2519259.3169969213
5,2,0.2,2345206.4406794873
5,2,0.30000000000000004,2320094.5041051065
5,2,0.4,2333596.3520608167
5,2,0.5,2363850.7009227155
5,2,0.6,2398569.608626998
5,2,0.7000000000000001,2438557.4356208425
5,2,0.8,2478636.4266663836
5,2,0.9,2517675.7296222467
5,2,1.0,2554917.0468667364
5,2,1.1,2589753.9402198857
5,2,1.2000000000000002,2633286.753652038
5,2,1.3000000000000003,2664037.5176602765
5,2,1.4000000000000001,2705818.3012315147
5,2,1.5000000000000002,2731633.0351437684
5,2,1.6,2771550.0702657867
5,2,1.7000000000000002,2791501.5080826734
5,2,1.8000000000000003,2829543.888122877
5,2,1.9000000000000001,2866965.4874812597
5,3,0.1,2102155.011516028
5,3,0.2,1957945.828479976
5,3,0.30000000000000004,1934931.9794502829
5,3,0.4,1944086.5915515467
5,3,0.5,1965420.05327851
5,3,0.6,1994176.165633792
5,3,0.7000000000000001,2017905.6038570623
5,3,0.8,2053776.6015346448
5,3,0.9,2081800.4000434414
5,3,1.0,2107416.820328192
5,3,1.1,2142467.031211431
5,3,1.2000000000000002,2163889.575852704
5,3,1.3000000000000003,2197542.423770088
5,3,1.4000000000000001,2213465.592754987
5,3,1.5000000000000002,2245497.0498583834
5,3,1.6,2277020.095220927
5,3,1.7000000000000002,2284715.952812584
5,3,1.8000000000000003,2314552.2320645456
5,3,1.9000000000000001,2343915.247710826
5,4,0.1,1880017.956842052
5,4,0.2,1752629.5381385125
5,4,0.30000000000000004,1731255.8969016918
5,4,0.4,1739184.063461769
5,4,0.5,1755415.6615929743
5,4,0.6,1778429.171368671
5,4,0.7000000000000001,1802127.1087703977
5,4,0.8,1824862.679974758
5,4,0.9,1845468.6620424245
5,4,1.0,1875491.1263947678
5,4,1.1,1892106.172771834
5,4,1.2000000000000002,1921051.3523552848
5,4,1.3000000000000003,1931972.2429475365
5,4,1.4000000000000001,1959478.2802574893
5,4,1.5000000000000002,1986576.33765086
5,4,1.6,2013255.1851790503
5,4,1.7000000000000002,2014132.7352487936
5,4,1.8000000000000003,2039237.0716701022
5,4,1.9000000000000001,2063951.701865846
5,5,0.1,1743183.8486873663
5,5,0.2,1628591.0893442135
5,5,0.30000000000000004,1607589.2965409772
5,5,0.4,1612749.6307529586
5,5,0.5,1624427.1433823823
5,5,0.6,1642563.1105309883
5,5,0.7000000000000001,1660660.5282188281
5,5,0.8,1687060.6011225753
5,5,0.9,1703163.1168409418
5,5,1.0,1729437.0531416223
5,5,1.1,1741050.1694387405
5,5,1.2000000000000002,1766293.4276485867
5,5,1.3000000000000003,1771386.5428335578
5,5,1.4000000000000001,1795239.330846691
5,5,1.5000000000000002,1818753.5286202456
5,5,1.6,1841916.4994438365
5,5,1.7000000000000002,1835359.2390509879
5,5,1.8000000000000003,1856961.9052370442
5,5,1.9000000000000001,1878239.3451545567
5,6,0.1,1653458.3255004268
5,6,0.2,1547246.8280760176
5,6,0.30000000000000004,1528311.9164698424
5,6,0.4,1531897.031608426
5,6,0.5,1540827.9579176754
5,6,0.6,1555860.2317554124
5,6,0.7000000000000001,1570386.401458962
5,6,0.8,1593893.4196330286
5,6,0.9,1605808.109949864
5,6,1.0,1629145.9320905656
5,6,1.1,1635725.3486093746
5,6,1.2000000000000002,1658029.9801549572
5,6,1.3000000000000003,1680091.88589674
5,6,1.4000000000000001,1677539.733690238
5,6,1.5000000000000002,1698153.2038393233
5,6,1.6,1718474.039720628
5,6,1.7000000000000002,1738495.9709479099
5,6,1.8000000000000003,1758218.196645171
5,6,1.9000000000000001,1777643.5059425922
5,7,0.1,1591678.2371171946
5,7,0.2,1492960.7270114156
5,7,0.30000000000000004,1471717.8539999435
5,7,0.4,1476486.0276059606
5,7,0.5,1482764.103991624
5,7,0.6,1494890.5558508541
5,7,0.7000000000000001,1515724.9234253909
5,7,0.8,1527014.1216106731
5,7,0.9,1548517.5734687513
5,7,1.0,1555407.9521828922
5,7,1.1,1576214.3046379155
5,7,1.2000000000000002,1576011.275072738
5,7,1.3000000000000003,1595584.2524539684
5,7,1.4000000000000001,1614925.1561228815
5,7,1.5000000000000002,1634008.6600411588
5,7,1.6,1652821.2494964455
5,7,1.7000000000000002,1638044.1603035994
5,7,1.8000000000000003,1655336.7764057002
5,7,1.9000000000000001,1672380.9889465151
5,8,0.1,1548441.7354624653
5,8,0.2,1455746.9401286382
5,8,0.30000000000000004,1437282.458745869
5,8,0.4,1437794.8231839836
5,8,0.5,1447614.8132142862
5,8,0.6,1458957.558412714
5,8,0.7000000000000001,1469281.905295551
5,8,0.8,1489005.0467884021
5,8,0.9,1496060.8579661208
5,8,1.0,1515563.8447885658
5,8,1.1,1516351.34933408
5,8,1.2000000000000002,1534835.6189640078
5,8,1.3000000000000003,1553143.6366584746
5,8,1.4000000000000001,1571234.5790685439
5,8,1.5000000000000002,1559815.020540943
5,8,1.6,1576451.8751895092
5,8,1.7000000000000002,1592859.4514308306
5,8,1.8000000000000003,1609034.4827208824
5,8,1.9000000000000001,1624977.164240799
5,9,0.1,1518747.1789104247
5,9,0.2,1430426.473249127
5,9,0.30000000000000004,1411758.3103027304
5,9,0.4,1410581.4514977331
5,9,0.5,1418307.3509544274
5,9,0.6,1426948.7221742072
5,9,0.7000000000000001,1444680.4030535405
5,9,0.8,1451668.2051105134
5,9,0.9,1469926.7024048928
5,9,1.0,1471527.384983129
5,9,1.1,1489055.8978354707
5,9,1.2000000000000002,1506482.2479287337
5,9,1.3000000000000003,1498053.327211021
5,9,1.4000000000000001,1514139.1223896272
5,9,1.5000000000000002,1530031.9908028084
5,9,1.6,1545716.659949121
5,9,1.7000000000000002,1561185.1730950356
5,9,1.8000000000000003,1576434.450652291
5,9,1.9000000000000001,1547713.8281280021
5,10,0.1,1498634.0447059115
5,10,0.2,1413817.569072927
5,10,0.30000000000000004,1394658.228932652
5,10,0.4,1396599.55057819
5,10,0.5,1403929.3131280947
5,10,0.6,1412127.607644041
5,10,0.7000000000000001,1418649.8912332554
5,10,0.8,1435579.6265701423
5,10,0.9,1437793.785963124
5,10,1.0,1454420.5490695927
5,10,1.1,1471050.306909542
5,10,1.2000000000000002,1464167.3511661857
5,10,1.3000000000000003,1479586.4030951038
5,10,1.4000000000000001,1494847.417006361
5,10,1.5000000000000002,1509925.3962576403
5,10,1.6,1524805.8514280312
5,10,1.7000000000000002,1500219.0009325969
5,10,1.8000000000000003,1513548.1172845806
5,10,1.9000000000000001,1526700.6170285258
5,11,0.1,1485955.0519517038
5,11,0.2,1403912.5735566039
5,11,0.30000000000000004,1387396.9746077314
5,11,0.4,1384436.080570938
5,11,0.5,1389632.7920474245
5,11,0.6,1394963.736456193
5,11,0.7000000000000001,1410280.3837528452
5,11,0.8,1412841.95705885
5,11,0.9,1428539.9595273654
5,11,1.0,1444398.6782004205
5,11,1.1,1438876.9446835439
5,11,1.2000000000000002,1453695.2437088129
5,11,1.3000000000000003,1468402.0393238172
5,11,1.4000000000000001,1482958.0972128029
5,11,1.5000000000000002,1462162.7576538965
5,11,1.6,1475202.1926500953
5,11,1.7000000000000002,1488081.5501524634
5,11,1.8000000000000003,1500794.9511333366
5,11,1.9000000000000001,1513339.8940035158
5,12,0.1,1478524.2449909372
5,12,0.2,1400626.0410592502
5,12,0.30000000000000004,1381501.7254289323
5,12,0.4,1381978.7187107475
5,12,0.5,1386954.1911495244
5,12,0.6,1392058.1818364214
5,12,0.7000000000000001,1394555.1455685913
5,12,0.8,1409175.274879853
5,12,0.9,1424204.9679808354
5,12,1.0,1419868.3343541333
5,12,1.1,1434101.8777818359
5,12,1.2000000000000002,1448289.3189594676
5,12,1.3000000000000003,1462370.003749505
5,12,1.4000000000000001,1443769.1322080859
5,12,1.5000000000000002,1456396.3463457953
5,12,1.6,1468880.6548809828
5,12,1.7000000000000002,1481211.700884235
5,12,1.8000000000000003,1493383.8556150992
5,12,1.9000000000000001,1505394.7239842636
5,13,0.1,1475542.5136548288
5,13,0.2,1399521.710554612
5,13,0.30000000000000004,1383018.7115649816
5,13,0.4,1378040.8318185392
5,13,0.5,1380619.3723718496
5,13,0.6,1393161.4841616864
5,13,0.7000000000000001,1395560.597494798
5,13,0.8,1409607.7967835048
5,13,0.9,1406255.7194832976
5,13,1.0,1419881.8192797021
5,13,1.1,1433557.582117134
5,13,1.2000000000000002,1447189.0493481038
5,13,1.3000000000000003,1430592.9583462111
5,13,1.4000000000000001,1442845.9985605893
5,13,1.5000000000000002,1454978.3805441712
5,13,1.6,1466973.457074746
5,13,1.7000000000000002,1478821.277087697
5,13,1.8000000000000003,1490516.4324202642
5,13,1.9000000000000001,1502056.6218413056
5,14,0.1,1476805.1525654278
5,14,0.2,1403552.9768544727
5,14,0.30000000000000004,1383956.6626086892
5,14,0.4,1382854.4175203098
5,14,0.5,1385339.0493314196
5,14,0.6,1386995.0060536214
5,14,0.7000000000000001,1399736.1249134855
5,14,0.8,1413271.7344911252
5,14,0.9,1410041.7376300318
5,14,1.0,1423171.5838804774
5,14,1.1,1436349.28447683
5,14,1.2000000000000002,1421595.2433007897
5,14,1.3000000000000003,1433492.6303436414
5,14,1.4000000000000001,1445299.4229342672
5,14,1.5000000000000002,1456989.951587091
5,14,1.6,1468548.1753607295
5,14,1.7000000000000002,1479964.5056017602
5,14,1.8000000000000003,1491233.7311091358
5,14,1.9000000000000001,1449628.709536159
5,15,0.1,1480235.9108655942
5,15,0.2,1408164.1073789638
5,15,0.30000000000000004,1391273.8493001042
5,15,0.4,1390209.123444105
5,15,0.5,1392609.1810717753
5,15,0.6,1394208.7708155913
5,15,0.7000000000000001,1406516.1957499138
5,15,0.8,1403977.0198919356
5,15,0.9,1416471.016539683
5,15,1.0,1429153.9370040384
5,15,1.1,1416090.2398827183
5,15,1.2000000000000002,1427631.2533552307
5,15,1.3000000000000003,1439123.666192359
5,15,1.4000000000000001,1450528.5683145728
5,15,1.5000000000000002,1461821.1639978618
5,15,1.6,1472985.9583171634
5,15,1.7000000000000002,1484013.689006462
5,15,1.8000000000000003,1445327.4809680914
5,15,1.9000000000000001,1454710.490676179
5,16,0.1,1487070.4073906578
5,16,0.2,1417277.741444687
5,16,0.30000000000000004,1400921.606551271
5,16,0.4,1399890.5506820283
5,16,0.5,1402214.7109243919
5,16,0.6,1403763.7165998425
5,16,0.7000000000000001,1415681.9419742865
5,16,0.8,1413223.0628584498
5,16,0.9,1425321.9599608108
5,16,1.0,1437603.8065133572
5,16,1.1,1424953.224661652
5,16,1.2000000000000002,1436129.2749198424
5,16,1.3000000000000003,1447258.261447891
5,16,1.4000000000000001,1458302.5046255966
5,16,1.5000000000000002,1469237.9928478792
5,16,1.6,1480049.7211880344
5,16,1.7000000000000002,1444077.0006706035
5,16,1.8000000000000003,1453265.8920508034
5,16,1.9000000000000001,1462352.1814239542
5,17,0.1,1495006.496186187
5,17,0.2,1425807.0232187195
5,17,0.30000000000000004,1408097.6080697281
5,17,0.4,1405240.652565966
5,17,0.5,1404829.546965346
5,17,0.6,1414970.3476001082
5,17,0.7000000000000001,1412811.6812472078
5,17,0.8,1424145.605992373
5,17,0.9,1435881.1429037722
5,17,1.0,1424694.535287852
5,17,1.1,1435523.481649428
5,17,1.2000000000000002,1446363.8871193652
5,17,1.3000000000000003,1457158.6423008842
5,17,1.4000000000000001,1467871.1991871758
5,17,1.5000000000000002,1478478.2673018163
5,17,1.6,1445065.7120806116
5,17,1.7000000000000002,1454072.922754649
5,17,1.8000000000000003,1462985.8487060673
5,17,1.9000000000000001,1471799.2540457537
5,18,0.1,1505743.005410552
5,18,0.2,1438481.072262515
5,18,0.30000000000000004,1421267.5091129474
5,18,0.4,1418490.5464879388
5,18,0.5,1418090.9515742797
5,18,0.6,1427947.816447855
5,18,0.7000000000000001,1425849.591335852
5,18,0.8,1436866.173627925
5,18,0.9,1448273.1232092022
5,18,1.0,1437399.7332634565
5,18,1.1,1447925.4762352048
5,18,1.2000000000000002,1458462.357467802
5,18,1.3000000000000003,1468954.8665900913
5,18,1.4000000000000001,1479367.4789154632
5,18,1.5000000000000002,1448362.0987615741
5,18,1.6,1457200.5304779904
5,18,1.7000000000000002,1465955.5451656342
5,18,1.8000000000000003,1474618.9150410024
5,18,1.9000000000000001,1483185.5508164398
5,19,0.1,1517284.2601880631
5,19,0.2,1452618.926098987
5,19,0.30000000000000004,1435858.4309531061
5,19,0.4,1433154.5591171393
5,19,0.5,1432765.4817046067
5,19,0.6,1442362.9098739927
5,19,0.7000000000000001,1440319.9109028252
5,19,0.8,1451046.5322551937
5,19,0.9,1441413.2663555415
5,19,1.0,1451566.0483834734
5,19,1.1,1461814.7495066458
5,19,1.2000000000000002,1472074.2957270988
5,19,1.3000000000000003,1482290.6377292867
5,19,1.4000000000000001,1453565.22856487
5,19,1.5000000000000002,1462239.8799500186
5,19,1.6,1470845.6805383712
5,19,1.7000000000000002,1479370.2596681756
5,19,1.8000000000000003,1487805.6061145463
5,19,1.9000000000000001,1496146.7645419552
5,20,0.1,1530351.5382329114
5,20,0.2,1467369.0253059973
5,20,0.30000000000000004,1451044.697641768
5,20,0.4,1448411.190133295
5,20,0.5,1448032.237893898
5,20,0.6,1445672.0124166717
5,20,0.7000000000000001,1455390.0740720402
5,20,0.8,1465837.5507224668
5,20,0.9,1456454.9765411061
5,20,1.0,1466343.547199962
5,20,1.1,1476325.5407992704
5,20,1.2000000000000002,1486318.0972679935
5,20,1.3000000000000003,1459792.915660086
5,20,1.4000000000000001,1468290.7016280922
5,20,1.5000000000000002,1476739.6078418756
5,20,1.6,1485121.4550005982
5,20,1.7000000000000002,1493424.1943709666
5,20,1.8000000000000003,1501640.0232085583
5,20,1.9000000000000001,1509764.115133237
